"","Population","treatment","compound type","compound","value"
"1","BH","C","GSL","X3MSO",3.7027825
"2","BH","C","GSL","OHAlkenyl",0
"3","BH","C","GSL","X4MSO",14.696015
"4","BH","C","GSL","Allyl",115.990895
"5","BH","C","GSL","X5MSO",0
"6","BH","C","GSL","Butenyl",741.537125
"7","BH","C","GSL","X3MT",7.828625
"8","BH","C","GSL","MSOO",24.3432675
"9","BH","C","GSL","OHI3M",0
"10","BH","C","GSL","X4MT",5.7093775
"11","BH","C","GSL","Flavonol16",20.4882275
"12","BH","C","GSL","I3M",31.0774525
"13","BH","C","GSL","Flavonol17",11.3995325
"14","BH","C","GSL","Flavonol18",63.5807675
"15","BH","C","GSL","Indole",13.369965
"16","BH","C","GSL","totalaliphatic",913.8080875
"17","BH","C","GSL","totalindole",44.4474175
"18","BH","C","GSL","totalGSL",958.255505
"19","BH","C","GSL","logindoles",1.43939959381506
"20","BH","C","GSL","logaliphatics",2.89609315973422
"21","BH","CW","GSL","X3MSO",21.6169575
"22","BH","CW","GSL","OHAlkenyl",30.07571
"23","BH","CW","GSL","X4MSO",22.6220925
"24","BH","CW","GSL","Allyl",295.8082525
"25","BH","CW","GSL","X5MSO",0
"26","BH","CW","GSL","Butenyl",132.97088
"27","BH","CW","GSL","X3MT",26.397515
"28","BH","CW","GSL","MSOO",11.267345
"29","BH","CW","GSL","OHI3M",4.3567675
"30","BH","CW","GSL","X4MT",6.18918
"31","BH","CW","GSL","Flavonol16",15.599385
"32","BH","CW","GSL","I3M",105.60233
"33","BH","CW","GSL","Flavonol17",0
"34","BH","CW","GSL","Flavonol18",42.177195
"35","BH","CW","GSL","Indole",23.5423025
"36","BH","CW","GSL","totalaliphatic",546.9479325
"37","BH","CW","GSL","totalindole",133.5014
"38","BH","CW","GSL","totalGSL",680.4493325
"39","BH","CW","GSL","logindoles",2.06857931465193
"40","BH","CW","GSL","logaliphatics",2.70998424093396
"41","CALO","C","GSL","X3MSO",17.71644
"42","CALO","C","GSL","OHAlkenyl",3.113715
"43","CALO","C","GSL","X4MSO",27.9583544444444
"44","CALO","C","GSL","Allyl",326.492736111111
"45","CALO","C","GSL","X5MSO",12.1785744444444
"46","CALO","C","GSL","Butenyl",425.357033888889
"47","CALO","C","GSL","X3MT",25.0631438888889
"48","CALO","C","GSL","MSOO",15.2130116666667
"49","CALO","C","GSL","OHI3M",0
"50","CALO","C","GSL","X4MT",6.42176444444444
"51","CALO","C","GSL","Flavonol16",22.8490638888889
"52","CALO","C","GSL","I3M",119.227022777778
"53","CALO","C","GSL","Flavonol17",12.7219144444444
"54","CALO","C","GSL","Flavonol18",61.4192927777778
"55","CALO","C","GSL","Indole",20.5728661111111
"56","CALO","C","GSL","totalaliphatic",859.514773888889
"57","CALO","C","GSL","totalindole",139.799888888889
"58","CALO","C","GSL","totalGSL",999.314662777778
"59","CALO","C","GSL","logindoles",2.03214276244777
"60","CALO","C","GSL","logaliphatics",2.80549594860655
"61","CALO","CW","GSL","X3MSO",18.9253288888889
"62","CALO","CW","GSL","OHAlkenyl",3.98719333333333
"63","CALO","CW","GSL","X4MSO",33.7663733333333
"64","CALO","CW","GSL","Allyl",62.9550172222222
"65","CALO","CW","GSL","X5MSO",1.69330222222222
"66","CALO","CW","GSL","Butenyl",284.244393333333
"67","CALO","CW","GSL","X3MT",20.7394194444444
"68","CALO","CW","GSL","MSOO",9.23625277777778
"69","CALO","CW","GSL","OHI3M",1.44058333333333
"70","CALO","CW","GSL","X4MT",8.01374055555556
"71","CALO","CW","GSL","Flavonol16",23.54633
"72","CALO","CW","GSL","I3M",148.277575555556
"73","CALO","CW","GSL","Flavonol17",1.87090222222222
"74","CALO","CW","GSL","Flavonol18",46.6693283333333
"75","CALO","CW","GSL","Indole",24.502695
"76","CALO","CW","GSL","totalaliphatic",443.561021111111
"77","CALO","CW","GSL","totalindole",174.220853888889
"78","CALO","CW","GSL","totalGSL",617.781875
"79","CALO","CW","GSL","logindoles",2.02588410673311
"80","CALO","CW","GSL","logaliphatics",2.62184959768701
"81","CP2","C","GSL","X3MSO",6.230326875
"82","CP2","C","GSL","OHAlkenyl",3.18201875
"83","CP2","C","GSL","X4MSO",40.63295
"84","CP2","C","GSL","Allyl",38.3433875
"85","CP2","C","GSL","X5MSO",15.30109125
"86","CP2","C","GSL","Butenyl",546.962981875
"87","CP2","C","GSL","X3MT",5.40300875
"88","CP2","C","GSL","MSOO",12.8720275
"89","CP2","C","GSL","OHI3M",0
"90","CP2","C","GSL","X4MT",4.91658
"91","CP2","C","GSL","Flavonol16",27.046584375
"92","CP2","C","GSL","I3M",65.563939375
"93","CP2","C","GSL","Flavonol17",10.717689375
"94","CP2","C","GSL","Flavonol18",36.72863875
"95","CP2","C","GSL","Indole",20.02934875
"96","CP2","C","GSL","totalaliphatic",673.8443725
"97","CP2","C","GSL","totalindole",85.593288125
"98","CP2","C","GSL","totalGSL",759.437660625
"99","CP2","C","GSL","logindoles",1.77007715828308
"100","CP2","C","GSL","logaliphatics",2.75870651871278
"101","CP2","CW","GSL","X3MSO",3.820355
"102","CP2","CW","GSL","OHAlkenyl",8.946153125
"103","CP2","CW","GSL","X4MSO",41.007371875
"104","CP2","CW","GSL","Allyl",104.17904125
"105","CP2","CW","GSL","X5MSO",16.222886875
"106","CP2","CW","GSL","Butenyl",497.08768875
"107","CP2","CW","GSL","X3MT",2.468755
"108","CP2","CW","GSL","MSOO",5.924936875
"109","CP2","CW","GSL","OHI3M",1.15595375
"110","CP2","CW","GSL","X4MT",6.026705625
"111","CP2","CW","GSL","Flavonol16",24.2113225
"112","CP2","CW","GSL","I3M",118.05916625
"113","CP2","CW","GSL","Flavonol17",6.43489625
"114","CP2","CW","GSL","Flavonol18",41.893280625
"115","CP2","CW","GSL","Indole",14.686359375
"116","CP2","CW","GSL","totalaliphatic",685.683894375
"117","CP2","CW","GSL","totalindole",133.901479375
"118","CP2","CW","GSL","totalGSL",819.58537375
"119","CP2","CW","GSL","logindoles",1.97757647737008
"120","CP2","CW","GSL","logaliphatics",2.75128501935652
"121","DPR","C","GSL","X3MSO",16.5103916666667
"122","DPR","C","GSL","OHAlkenyl",0
"123","DPR","C","GSL","X4MSO",32.45995
"124","DPR","C","GSL","Allyl",91.08731
"125","DPR","C","GSL","X5MSO",6.826305
"126","DPR","C","GSL","Butenyl",415.066903333333
"127","DPR","C","GSL","X3MT",20.7187066666667
"128","DPR","C","GSL","MSOO",5.57696666666667
"129","DPR","C","GSL","OHI3M",0
"130","DPR","C","GSL","X4MT",11.857765
"131","DPR","C","GSL","Flavonol16",29.6549066666667
"132","DPR","C","GSL","I3M",67.7211466666667
"133","DPR","C","GSL","Flavonol17",6.42797166666667
"134","DPR","C","GSL","Flavonol18",46.0400416666667
"135","DPR","C","GSL","Indole",13.138315
"136","DPR","C","GSL","totalaliphatic",600.104298333333
"137","DPR","C","GSL","totalindole",80.8594616666667
"138","DPR","C","GSL","totalGSL",680.96376
"139","DPR","C","GSL","logindoles",1.87874416418817
"140","DPR","C","GSL","logaliphatics",2.74151707760252
"141","DPR","CW","GSL","X3MSO",12.4676283333333
"142","DPR","CW","GSL","OHAlkenyl",0
"143","DPR","CW","GSL","X4MSO",26.5347383333333
"144","DPR","CW","GSL","Allyl",85.94111
"145","DPR","CW","GSL","X5MSO",0
"146","DPR","CW","GSL","Butenyl",693.218295
"147","DPR","CW","GSL","X3MT",23.890075
"148","DPR","CW","GSL","MSOO",34.0250983333333
"149","DPR","CW","GSL","OHI3M",0
"150","DPR","CW","GSL","X4MT",21.5360616666667
"151","DPR","CW","GSL","Flavonol16",19.1311966666667
"152","DPR","CW","GSL","I3M",190.707208333333
"153","DPR","CW","GSL","Flavonol17",0
"154","DPR","CW","GSL","Flavonol18",36.418065
"155","DPR","CW","GSL","Indole",22.4615766666667
"156","DPR","CW","GSL","totalaliphatic",897.613006666667
"157","DPR","CW","GSL","totalindole",213.168785
"158","DPR","CW","GSL","totalGSL",1110.78179166667
"159","DPR","CW","GSL","logindoles",2.02957151148763
"160","DPR","CW","GSL","logaliphatics",2.92406957308338
"161","IH","C","GSL","X3MSO",81.515475
"162","IH","C","GSL","OHAlkenyl",0
"163","IH","C","GSL","X4MSO",0
"164","IH","C","GSL","Allyl",454.876248333333
"165","IH","C","GSL","X5MSO",9.58036666666667
"166","IH","C","GSL","Butenyl",154.19755
"167","IH","C","GSL","X3MT",28.0187916666667
"168","IH","C","GSL","MSOO",11.6173633333333
"169","IH","C","GSL","OHI3M",0
"170","IH","C","GSL","X4MT",1.596405
"171","IH","C","GSL","Flavonol16",11.645445
"172","IH","C","GSL","I3M",42.4693016666667
"173","IH","C","GSL","Flavonol17",11.6583166666667
"174","IH","C","GSL","Flavonol18",58.356245
"175","IH","C","GSL","Indole",44.3688166666667
"176","IH","C","GSL","totalaliphatic",741.4022
"177","IH","C","GSL","totalindole",86.8381183333333
"178","IH","C","GSL","totalGSL",828.240318333333
"179","IH","C","GSL","logindoles",1.76131074643677
"180","IH","C","GSL","logaliphatics",2.76285004066884
"181","IH","CW","GSL","X3MSO",28.34514
"182","IH","CW","GSL","OHAlkenyl",0
"183","IH","CW","GSL","X4MSO",17.24647
"184","IH","CW","GSL","Allyl",270.214185
"185","IH","CW","GSL","X5MSO",20.7116633333333
"186","IH","CW","GSL","Butenyl",520.126001666667
"187","IH","CW","GSL","X3MT",7.74402666666667
"188","IH","CW","GSL","MSOO",13.3748833333333
"189","IH","CW","GSL","OHI3M",0
"190","IH","CW","GSL","X4MT",26.1714433333333
"191","IH","CW","GSL","Flavonol16",24.0327316666667
"192","IH","CW","GSL","I3M",82.3198716666667
"193","IH","CW","GSL","Flavonol17",3.074455
"194","IH","CW","GSL","Flavonol18",65.7780533333333
"195","IH","CW","GSL","Indole",44.3469533333333
"196","IH","CW","GSL","totalaliphatic",903.933813333333
"197","IH","CW","GSL","totalindole",126.666825
"198","IH","CW","GSL","totalGSL",1030.60063833333
"199","IH","CW","GSL","logindoles",2.06382084146383
"200","IH","CW","GSL","logaliphatics",2.90670581796584
"201","KC2","C","GSL","X3MSO",27.592465
"202","KC2","C","GSL","OHAlkenyl",97.015855
"203","KC2","C","GSL","X4MSO",25.45466
"204","KC2","C","GSL","Allyl",168.60729
"205","KC2","C","GSL","X5MSO",0
"206","KC2","C","GSL","Butenyl",433.143125
"207","KC2","C","GSL","X3MT",17.905965
"208","KC2","C","GSL","MSOO",0
"209","KC2","C","GSL","OHI3M",0
"210","KC2","C","GSL","X4MT",9.951675
"211","KC2","C","GSL","Flavonol16",15.17541
"212","KC2","C","GSL","I3M",43.75287
"213","KC2","C","GSL","Flavonol17",0
"214","KC2","C","GSL","Flavonol18",20.11848
"215","KC2","C","GSL","Indole",2.643565
"216","KC2","C","GSL","totalaliphatic",779.671035
"217","KC2","C","GSL","totalindole",46.396435
"218","KC2","C","GSL","totalGSL",826.06747
"219","KC2","C","GSL","logindoles",1.33262826538946
"220","KC2","C","GSL","logaliphatics",2.88137902930548
"221","KC2","CW","GSL","X3MSO",64.164255
"222","KC2","CW","GSL","OHAlkenyl",67.202935
"223","KC2","CW","GSL","X4MSO",47.639445
"224","KC2","CW","GSL","Allyl",231.210125
"225","KC2","CW","GSL","X5MSO",0
"226","KC2","CW","GSL","Butenyl",451.227585
"227","KC2","CW","GSL","X3MT",77.006395
"228","KC2","CW","GSL","MSOO",5.063715
"229","KC2","CW","GSL","OHI3M",0
"230","KC2","CW","GSL","X4MT",31.41996
"231","KC2","CW","GSL","Flavonol16",10.35633
"232","KC2","CW","GSL","I3M",30.505555
"233","KC2","CW","GSL","Flavonol17",0
"234","KC2","CW","GSL","Flavonol18",20.80985
"235","KC2","CW","GSL","Indole",6.529655
"236","KC2","CW","GSL","totalaliphatic",974.934415
"237","KC2","CW","GSL","totalindole",37.03521
"238","KC2","CW","GSL","totalGSL",1011.969625
"239","KC2","CW","GSL","logindoles",1.35271206682112
"240","KC2","CW","GSL","logaliphatics",2.98339760766441
"241","LC","C","GSL","X3MSO",19.729767
"242","LC","C","GSL","OHAlkenyl",0
"243","LC","C","GSL","X4MSO",21.452635
"244","LC","C","GSL","Allyl",243.110103
"245","LC","C","GSL","X5MSO",0
"246","LC","C","GSL","Butenyl",298.635831
"247","LC","C","GSL","X3MT",22.694121
"248","LC","C","GSL","MSOO",27.757527
"249","LC","C","GSL","OHI3M",0
"250","LC","C","GSL","X4MT",5.480933
"251","LC","C","GSL","Flavonol16",11.103804
"252","LC","C","GSL","I3M",75.226912
"253","LC","C","GSL","Flavonol17",2.438826
"254","LC","C","GSL","Flavonol18",51.818156
"255","LC","C","GSL","Indole",46.276704
"256","LC","C","GSL","totalaliphatic",638.860917
"257","LC","C","GSL","totalindole",121.503616
"258","LC","C","GSL","totalGSL",760.364533
"259","LC","C","GSL","logindoles",2.02281052929651
"260","LC","C","GSL","logaliphatics",2.79238598734089
"261","LC","CW","GSL","X3MSO",56.060828
"262","LC","CW","GSL","OHAlkenyl",0
"263","LC","CW","GSL","X4MSO",14.233957
"264","LC","CW","GSL","Allyl",399.297488
"265","LC","CW","GSL","X5MSO",4.583371
"266","LC","CW","GSL","Butenyl",266.542335
"267","LC","CW","GSL","X3MT",23.122377
"268","LC","CW","GSL","MSOO",17.921243
"269","LC","CW","GSL","OHI3M",32.314201
"270","LC","CW","GSL","X4MT",2.81354
"271","LC","CW","GSL","Flavonol16",11.634475
"272","LC","CW","GSL","I3M",358.117962
"273","LC","CW","GSL","Flavonol17",7.786599
"274","LC","CW","GSL","Flavonol18",47.148264
"275","LC","CW","GSL","Indole",15.970976
"276","LC","CW","GSL","totalaliphatic",784.575139
"277","LC","CW","GSL","totalindole",406.403139
"278","LC","CW","GSL","totalGSL",1190.978278
"279","LC","CW","GSL","logindoles",2.43236708214665
"280","LC","CW","GSL","logaliphatics",2.8769935913516
"281","LV1","C","GSL","X3MSO",2.073415
"282","LV1","C","GSL","OHAlkenyl",0
"283","LV1","C","GSL","X4MSO",77.4559258333333
"284","LV1","C","GSL","Allyl",48.3160533333333
"285","LV1","C","GSL","X5MSO",14.5163508333333
"286","LV1","C","GSL","Butenyl",1101.01833583333
"287","LV1","C","GSL","X3MT",12.0909891666667
"288","LV1","C","GSL","MSOO",100.3999425
"289","LV1","C","GSL","OHI3M",3.47876916666667
"290","LV1","C","GSL","X4MT",25.8542858333333
"291","LV1","C","GSL","Flavonol16",25.2707083333333
"292","LV1","C","GSL","I3M",73.4331641666667
"293","LV1","C","GSL","Flavonol17",15.5235416666667
"294","LV1","C","GSL","Flavonol18",42.2567058333333
"295","LV1","C","GSL","Indole",22.5302866666667
"296","LV1","C","GSL","totalaliphatic",1381.72529833333
"297","LV1","C","GSL","totalindole",99.44222
"298","LV1","C","GSL","totalGSL",1481.16751833333
"299","LV1","C","GSL","logindoles",1.81177542111902
"300","LV1","C","GSL","logaliphatics",3.10960036520117
"301","LV1","CW","GSL","X3MSO",13.248256
"302","LV1","CW","GSL","OHAlkenyl",10.989437
"303","LV1","CW","GSL","X4MSO",48.383762
"304","LV1","CW","GSL","Allyl",84.519354
"305","LV1","CW","GSL","X5MSO",1.21191
"306","LV1","CW","GSL","Butenyl",1005.092027
"307","LV1","CW","GSL","X3MT",18.439974
"308","LV1","CW","GSL","MSOO",44.039737
"309","LV1","CW","GSL","OHI3M",39.14146
"310","LV1","CW","GSL","X4MT",19.035398
"311","LV1","CW","GSL","Flavonol16",29.504482
"312","LV1","CW","GSL","I3M",59.978762
"313","LV1","CW","GSL","Flavonol17",40.071679
"314","LV1","CW","GSL","Flavonol18",79.452256
"315","LV1","CW","GSL","Indole",20.453955
"316","LV1","CW","GSL","totalaliphatic",1244.959855
"317","LV1","CW","GSL","totalindole",119.574177
"318","LV1","CW","GSL","totalGSL",1364.534032
"319","LV1","CW","GSL","logindoles",2.01908537506131
"320","LV1","CW","GSL","logaliphatics",3.0481583782802
"321","LV2","C","GSL","X3MSO",2.1032175
"322","LV2","C","GSL","OHAlkenyl",10.109075
"323","LV2","C","GSL","X4MSO",36.7614991666667
"324","LV2","C","GSL","Allyl",82.6761925
"325","LV2","C","GSL","X5MSO",11.0110825
"326","LV2","C","GSL","Butenyl",748.581526666667
"327","LV2","C","GSL","X3MT",8.24130583333333
"328","LV2","C","GSL","MSOO",28.9333066666667
"329","LV2","C","GSL","OHI3M",0
"330","LV2","C","GSL","X4MT",12.545145
"331","LV2","C","GSL","Flavonol16",17.1943075
"332","LV2","C","GSL","I3M",53.1316466666667
"333","LV2","C","GSL","Flavonol17",13.45722
"334","LV2","C","GSL","Flavonol18",45.8203533333333
"335","LV2","C","GSL","Indole",32.8368016666667
"336","LV2","C","GSL","totalaliphatic",940.962350833333
"337","LV2","C","GSL","totalindole",85.9684483333333
"338","LV2","C","GSL","totalGSL",1026.93079916667
"339","LV2","C","GSL","logindoles",1.7670044257295
"340","LV2","C","GSL","logaliphatics",2.8803007731684
"341","LV2","CW","GSL","X3MSO",13.55763
"342","LV2","CW","GSL","OHAlkenyl",15.5640166666667
"343","LV2","CW","GSL","X4MSO",28.2750241666667
"344","LV2","CW","GSL","Allyl",112.986520833333
"345","LV2","CW","GSL","X5MSO",11.5984875
"346","LV2","CW","GSL","Butenyl",904.780395
"347","LV2","CW","GSL","X3MT",11.7963725
"348","LV2","CW","GSL","MSOO",48.1491108333333
"349","LV2","CW","GSL","OHI3M",10.4096425
"350","LV2","CW","GSL","X4MT",13.938965
"351","LV2","CW","GSL","Flavonol16",23.3799175
"352","LV2","CW","GSL","I3M",129.67253
"353","LV2","CW","GSL","Flavonol17",2.53126666666667
"354","LV2","CW","GSL","Flavonol18",59.4781991666667
"355","LV2","CW","GSL","Indole",16.03198
"356","LV2","CW","GSL","totalaliphatic",1160.6465225
"357","LV2","CW","GSL","totalindole",156.1141525
"358","LV2","CW","GSL","totalGSL",1316.760675
"359","LV2","CW","GSL","logindoles",2.0307386054473
"360","LV2","CW","GSL","logaliphatics",3.02884262050262
"361","MtSH","C","GSL","X3MSO",0
"362","MtSH","C","GSL","OHAlkenyl",0
"363","MtSH","C","GSL","X4MSO",0
"364","MtSH","C","GSL","Allyl",12.11329
"365","MtSH","C","GSL","X5MSO",0
"366","MtSH","C","GSL","Butenyl",401.80206
"367","MtSH","C","GSL","X3MT",0
"368","MtSH","C","GSL","MSOO",6.55912
"369","MtSH","C","GSL","OHI3M",0
"370","MtSH","C","GSL","X4MT",10.7907
"371","MtSH","C","GSL","Flavonol16",14.64653
"372","MtSH","C","GSL","I3M",0
"373","MtSH","C","GSL","Flavonol17",0
"374","MtSH","C","GSL","Flavonol18",12.73926
"375","MtSH","C","GSL","Indole",5.05331
"376","MtSH","C","GSL","totalaliphatic",431.26517
"377","MtSH","C","GSL","totalindole",5.05331
"378","MtSH","C","GSL","totalGSL",436.31848
"379","MtSH","C","GSL","logindoles",0.703575941254214
"380","MtSH","C","GSL","logaliphatics",2.6347443849078
"381","MtSH","CW","GSL","X3MSO",0
"382","MtSH","CW","GSL","OHAlkenyl",0
"383","MtSH","CW","GSL","X4MSO",9.196845
"384","MtSH","CW","GSL","Allyl",18.928825
"385","MtSH","CW","GSL","X5MSO",0
"386","MtSH","CW","GSL","Butenyl",470.50062
"387","MtSH","CW","GSL","X3MT",13.24422
"388","MtSH","CW","GSL","MSOO",0
"389","MtSH","CW","GSL","OHI3M",0
"390","MtSH","CW","GSL","X4MT",4.289425
"391","MtSH","CW","GSL","Flavonol16",24.37985
"392","MtSH","CW","GSL","I3M",38.97515
"393","MtSH","CW","GSL","Flavonol17",0
"394","MtSH","CW","GSL","Flavonol18",24.86037
"395","MtSH","CW","GSL","Indole",36.383885
"396","MtSH","CW","GSL","totalaliphatic",516.159935
"397","MtSH","CW","GSL","totalindole",75.359035
"398","MtSH","CW","GSL","totalGSL",591.51897
"399","MtSH","CW","GSL","logindoles",1.77033265933568
"400","MtSH","CW","GSL","logaliphatics",2.65758059908026
"401","RB","C","GSL","X3MSO",43.90582
"402","RB","C","GSL","OHAlkenyl",0
"403","RB","C","GSL","X4MSO",19.1274766666667
"404","RB","C","GSL","Allyl",258.078855
"405","RB","C","GSL","X5MSO",0
"406","RB","C","GSL","Butenyl",240.133425
"407","RB","C","GSL","X3MT",33.013035
"408","RB","C","GSL","MSOO",10.3071533333333
"409","RB","C","GSL","OHI3M",0
"410","RB","C","GSL","X4MT",5.88502166666667
"411","RB","C","GSL","Flavonol16",11.532955
"412","RB","C","GSL","I3M",83.699255
"413","RB","C","GSL","Flavonol17",15.7472566666667
"414","RB","C","GSL","Flavonol18",38.0892083333333
"415","RB","C","GSL","Indole",13.486835
"416","RB","C","GSL","totalaliphatic",610.450786666667
"417","RB","C","GSL","totalindole",97.18609
"418","RB","C","GSL","totalGSL",707.636876666667
"419","RB","C","GSL","logindoles",1.78636638420956
"420","RB","C","GSL","logaliphatics",2.68424182747545
"421","RB","CW","GSL","X3MSO",32.8681916666667
"422","RB","CW","GSL","OHAlkenyl",0
"423","RB","CW","GSL","X4MSO",11.2214733333333
"424","RB","CW","GSL","Allyl",94.7126066666667
"425","RB","CW","GSL","X5MSO",2.24528333333333
"426","RB","CW","GSL","Butenyl",129.25648
"427","RB","CW","GSL","X3MT",23.502925
"428","RB","CW","GSL","MSOO",0
"429","RB","CW","GSL","OHI3M",10.1734166666667
"430","RB","CW","GSL","X4MT",0
"431","RB","CW","GSL","Flavonol16",7.66550333333333
"432","RB","CW","GSL","I3M",72.9883366666667
"433","RB","CW","GSL","Flavonol17",0
"434","RB","CW","GSL","Flavonol18",29.9702233333333
"435","RB","CW","GSL","Indole",15.4356766666667
"436","RB","CW","GSL","totalaliphatic",293.80696
"437","RB","CW","GSL","totalindole",98.59743
"438","RB","CW","GSL","totalGSL",392.40439
"439","RB","CW","GSL","logindoles",1.82237402530017
"440","RB","CW","GSL","logaliphatics",2.42615860719947
"441","SC","C","GSL","X3MSO",41.15021375
"442","SC","C","GSL","OHAlkenyl",0
"443","SC","C","GSL","X4MSO",0
"444","SC","C","GSL","Allyl",509.2323975
"445","SC","C","GSL","X5MSO",1.978125
"446","SC","C","GSL","Butenyl",8.4272025
"447","SC","C","GSL","X3MT",42.4811625
"448","SC","C","GSL","MSOO",0
"449","SC","C","GSL","OHI3M",0
"450","SC","C","GSL","X4MT",15.2699725
"451","SC","C","GSL","Flavonol16",13.10285625
"452","SC","C","GSL","I3M",15.59676875
"453","SC","C","GSL","Flavonol17",1.96419875
"454","SC","C","GSL","Flavonol18",28.73720375
"455","SC","C","GSL","Indole",29.15620125
"456","SC","C","GSL","totalaliphatic",618.53907375
"457","SC","C","GSL","totalindole",44.75297
"458","SC","C","GSL","totalGSL",663.29204375
"459","SC","C","GSL","logindoles",1.59519247650368
"460","SC","C","GSL","logaliphatics",2.77441630649344
"461","SC","CW","GSL","X3MSO",63.096405
"462","SC","CW","GSL","OHAlkenyl",7.698155
"463","SC","CW","GSL","X4MSO",0
"464","SC","CW","GSL","Allyl",664.14865125
"465","SC","CW","GSL","X5MSO",0
"466","SC","CW","GSL","Butenyl",136.7863925
"467","SC","CW","GSL","X3MT",52.289115
"468","SC","CW","GSL","MSOO",0
"469","SC","CW","GSL","OHI3M",18.876895
"470","SC","CW","GSL","X4MT",4.49222125
"471","SC","CW","GSL","Flavonol16",11.5769775
"472","SC","CW","GSL","I3M",59.134175
"473","SC","CW","GSL","Flavonol17",4.18957125
"474","SC","CW","GSL","Flavonol18",32.50032125
"475","SC","CW","GSL","Indole",8.952395
"476","SC","CW","GSL","totalaliphatic",928.51094
"477","SC","CW","GSL","totalindole",86.963465
"478","SC","CW","GSL","totalGSL",1015.474405
"479","SC","CW","GSL","logindoles",1.83341471581785
"480","SC","CW","GSL","logaliphatics",2.94986457836773
"481","SQ1","C","GSL","X3MSO",8.62402875
"482","SQ1","C","GSL","OHAlkenyl",11.16365125
"483","SQ1","C","GSL","X4MSO",0
"484","SQ1","C","GSL","Allyl",634.42140875
"485","SQ1","C","GSL","X5MSO",19.96555125
"486","SQ1","C","GSL","Butenyl",394.03865375
"487","SQ1","C","GSL","X3MT",2.73253375
"488","SQ1","C","GSL","MSOO",8.7486725
"489","SQ1","C","GSL","OHI3M",0
"490","SQ1","C","GSL","X4MT",4.208665
"491","SQ1","C","GSL","Flavonol16",19.20827625
"492","SQ1","C","GSL","I3M",44.57208375
"493","SQ1","C","GSL","Flavonol17",3.17445
"494","SQ1","C","GSL","Flavonol18",34.10563875
"495","SQ1","C","GSL","Indole",18.904415
"496","SQ1","C","GSL","totalaliphatic",1083.903165
"497","SQ1","C","GSL","totalindole",63.47649875
"498","SQ1","C","GSL","totalGSL",1147.37966375
"499","SQ1","C","GSL","logindoles",1.75587033341716
"500","SQ1","C","GSL","logaliphatics",3.03148037195282
"501","SQ1","CW","GSL","X3MSO",16.1509525
"502","SQ1","CW","GSL","OHAlkenyl",0
"503","SQ1","CW","GSL","X4MSO",8.14203625
"504","SQ1","CW","GSL","Allyl",495.645255
"505","SQ1","CW","GSL","X5MSO",10.57846375
"506","SQ1","CW","GSL","Butenyl",112.396125
"507","SQ1","CW","GSL","X3MT",17.74848
"508","SQ1","CW","GSL","MSOO",4.52374125
"509","SQ1","CW","GSL","OHI3M",6.19282625
"510","SQ1","CW","GSL","X4MT",0
"511","SQ1","CW","GSL","Flavonol16",15.02652625
"512","SQ1","CW","GSL","I3M",108.006485
"513","SQ1","CW","GSL","Flavonol17",1.13587375
"514","SQ1","CW","GSL","Flavonol18",36.9581775
"515","SQ1","CW","GSL","Indole",19.18695125
"516","SQ1","CW","GSL","totalaliphatic",665.18505375
"517","SQ1","CW","GSL","totalindole",133.3862625
"518","SQ1","CW","GSL","totalGSL",798.57131625
"519","SQ1","CW","GSL","logindoles",1.98588369241263
"520","SQ1","CW","GSL","logaliphatics",2.76723670888325
"521","SQ2","C","GSL","X3MSO",28.0437942857143
"522","SQ2","C","GSL","OHAlkenyl",0
"523","SQ2","C","GSL","X4MSO",7.02334857142857
"524","SQ2","C","GSL","Allyl",817.469525714286
"525","SQ2","C","GSL","X5MSO",35.297445
"526","SQ2","C","GSL","Butenyl",170.576432857143
"527","SQ2","C","GSL","X3MT",4.98283642857143
"528","SQ2","C","GSL","MSOO",24.0147807142857
"529","SQ2","C","GSL","OHI3M",3.68451071428571
"530","SQ2","C","GSL","X4MT",6.06894571428571
"531","SQ2","C","GSL","Flavonol16",19.3422671428571
"532","SQ2","C","GSL","I3M",146.175493571429
"533","SQ2","C","GSL","Flavonol17",8.52314214285714
"534","SQ2","C","GSL","Flavonol18",34.5196278571429
"535","SQ2","C","GSL","Indole",18.5770414285714
"536","SQ2","C","GSL","totalaliphatic",1093.47710928571
"537","SQ2","C","GSL","totalindole",168.437045714286
"538","SQ2","C","GSL","totalGSL",1261.914155
"539","SQ2","C","GSL","logindoles",2.08062248181528
"540","SQ2","C","GSL","logaliphatics",2.99532146413807
"541","SQ2","CW","GSL","X3MSO",30.4345135714286
"542","SQ2","CW","GSL","OHAlkenyl",6.75050142857143
"543","SQ2","CW","GSL","X4MSO",1.18059785714286
"544","SQ2","CW","GSL","Allyl",715.332017142857
"545","SQ2","CW","GSL","X5MSO",19.15513
"546","SQ2","CW","GSL","Butenyl",77.0947842857143
"547","SQ2","CW","GSL","X3MT",13.2177564285714
"548","SQ2","CW","GSL","MSOO",8.52335071428571
"549","SQ2","CW","GSL","OHI3M",7.74787571428571
"550","SQ2","CW","GSL","X4MT",3.93020928571429
"551","SQ2","CW","GSL","Flavonol16",21.6949335714286
"552","SQ2","CW","GSL","I3M",118.332807142857
"553","SQ2","CW","GSL","Flavonol17",9.47021642857143
"554","SQ2","CW","GSL","Flavonol18",45.5108221428571
"555","SQ2","CW","GSL","Indole",14.6675314285714
"556","SQ2","CW","GSL","totalaliphatic",875.618860714286
"557","SQ2","CW","GSL","totalindole",140.748214285714
"558","SQ2","CW","GSL","totalGSL",1016.367075
"559","SQ2","CW","GSL","logindoles",1.86913354066736
"560","SQ2","CW","GSL","logaliphatics",2.87653514354663
"561","TFC","C","GSL","X3MSO",54.854485
"562","TFC","C","GSL","OHAlkenyl",0
"563","TFC","C","GSL","X4MSO",23.22397
"564","TFC","C","GSL","Allyl",262.551205
"565","TFC","C","GSL","X5MSO",5.2149775
"566","TFC","C","GSL","Butenyl",92.7874075
"567","TFC","C","GSL","X3MT",5.42005
"568","TFC","C","GSL","MSOO",0
"569","TFC","C","GSL","OHI3M",0
"570","TFC","C","GSL","X4MT",2.8088575
"571","TFC","C","GSL","Flavonol16",21.531645
"572","TFC","C","GSL","I3M",105.856
"573","TFC","C","GSL","Flavonol17",0
"574","TFC","C","GSL","Flavonol18",55.91688
"575","TFC","C","GSL","Indole",20.0674
"576","TFC","C","GSL","totalaliphatic",446.8609525
"577","TFC","C","GSL","totalindole",125.9234
"578","TFC","C","GSL","totalGSL",572.7843525
"579","TFC","C","GSL","logindoles",2.09017306494552
"580","TFC","C","GSL","logaliphatics",2.53408887991177
"581","TFC","CW","GSL","X3MSO",17.8206433333333
"582","TFC","CW","GSL","OHAlkenyl",0
"583","TFC","CW","GSL","X4MSO",25.0704116666667
"584","TFC","CW","GSL","Allyl",100.793778333333
"585","TFC","CW","GSL","X5MSO",0
"586","TFC","CW","GSL","Butenyl",336.620041666667
"587","TFC","CW","GSL","X3MT",20.5834716666667
"588","TFC","CW","GSL","MSOO",5.85891166666667
"589","TFC","CW","GSL","OHI3M",31.4614766666667
"590","TFC","CW","GSL","X4MT",16.36804
"591","TFC","CW","GSL","Flavonol16",11.8405966666667
"592","TFC","CW","GSL","I3M",139.834805
"593","TFC","CW","GSL","Flavonol17",13.401625
"594","TFC","CW","GSL","Flavonol18",68.4386483333333
"595","TFC","CW","GSL","Indole",23.603205
"596","TFC","CW","GSL","totalaliphatic",523.115298333333
"597","TFC","CW","GSL","totalindole",194.899486666667
"598","TFC","CW","GSL","totalGSL",718.014785
"599","TFC","CW","GSL","logindoles",2.18129618035044
"600","TFC","CW","GSL","logaliphatics",2.7020734818791
"601","TM2","C","GSL","X3MSO",15.942430625
"602","TM2","C","GSL","OHAlkenyl",0
"603","TM2","C","GSL","X4MSO",27.102315
"604","TM2","C","GSL","Allyl",111.8508075
"605","TM2","C","GSL","X5MSO",1.148784375
"606","TM2","C","GSL","Butenyl",457.637980625
"607","TM2","C","GSL","X3MT",23.77232875
"608","TM2","C","GSL","MSOO",14.416003125
"609","TM2","C","GSL","OHI3M",4.052080625
"610","TM2","C","GSL","X4MT",3.312088125
"611","TM2","C","GSL","Flavonol16",17.870141875
"612","TM2","C","GSL","I3M",93.146656875
"613","TM2","C","GSL","Flavonol17",6.0118875
"614","TM2","C","GSL","Flavonol18",39.687663125
"615","TM2","C","GSL","Indole",23.03777125
"616","TM2","C","GSL","totalaliphatic",655.182738125
"617","TM2","C","GSL","totalindole",120.23650875
"618","TM2","C","GSL","totalGSL",775.419246875
"619","TM2","C","GSL","logindoles",-Inf
"620","TM2","C","GSL","logaliphatics",2.79012431389392
"621","TM2","CW","GSL","X3MSO",0
"622","TM2","CW","GSL","OHAlkenyl",0
"623","TM2","CW","GSL","X4MSO",14.238089375
"624","TM2","CW","GSL","Allyl",178.27071125
"625","TM2","CW","GSL","X5MSO",5.94113
"626","TM2","CW","GSL","Butenyl",350.452485
"627","TM2","CW","GSL","X3MT",12.01186125
"628","TM2","CW","GSL","MSOO",10.6832925
"629","TM2","CW","GSL","OHI3M",24.541165
"630","TM2","CW","GSL","X4MT",17.29612625
"631","TM2","CW","GSL","Flavonol16",21.0175725
"632","TM2","CW","GSL","I3M",49.532580625
"633","TM2","CW","GSL","Flavonol17",2.2008175
"634","TM2","CW","GSL","Flavonol18",50.32734375
"635","TM2","CW","GSL","Indole",21.895814375
"636","TM2","CW","GSL","totalaliphatic",588.893695625
"637","TM2","CW","GSL","totalindole",95.96956
"638","TM2","CW","GSL","totalGSL",684.863255625
"639","TM2","CW","GSL","logindoles",1.80050194776356
"640","TM2","CW","GSL","logaliphatics",2.75289547364736
"641","WL1","C","GSL","X3MSO",0
"642","WL1","C","GSL","OHAlkenyl",88.7644433333333
"643","WL1","C","GSL","X4MSO",0
"644","WL1","C","GSL","Allyl",144.558745
"645","WL1","C","GSL","X5MSO",0
"646","WL1","C","GSL","Butenyl",647.353563333333
"647","WL1","C","GSL","X3MT",2.35556666666667
"648","WL1","C","GSL","MSOO",0
"649","WL1","C","GSL","OHI3M",0
"650","WL1","C","GSL","X4MT",0
"651","WL1","C","GSL","Flavonol16",14.1600616666667
"652","WL1","C","GSL","I3M",34.9323983333333
"653","WL1","C","GSL","Flavonol17",0
"654","WL1","C","GSL","Flavonol18",28.3059366666667
"655","WL1","C","GSL","Indole",58.3245566666667
"656","WL1","C","GSL","totalaliphatic",883.032318333333
"657","WL1","C","GSL","totalindole",93.256955
"658","WL1","C","GSL","totalGSL",976.289273333333
"659","WL1","C","GSL","logindoles",1.85360205001257
"660","WL1","C","GSL","logaliphatics",2.93021713517383
"661","WL1","CW","GSL","X3MSO",8.20605
"662","WL1","CW","GSL","OHAlkenyl",98.5048833333333
"663","WL1","CW","GSL","X4MSO",0
"664","WL1","CW","GSL","Allyl",49.7959133333333
"665","WL1","CW","GSL","X5MSO",19.7179316666667
"666","WL1","CW","GSL","Butenyl",901.045408333333
"667","WL1","CW","GSL","X3MT",26.5382866666667
"668","WL1","CW","GSL","MSOO",1.20779333333333
"669","WL1","CW","GSL","OHI3M",2.64028
"670","WL1","CW","GSL","X4MT",5.21501
"671","WL1","CW","GSL","Flavonol16",29.8886233333333
"672","WL1","CW","GSL","I3M",106.035841666667
"673","WL1","CW","GSL","Flavonol17",5.19294833333333
"674","WL1","CW","GSL","Flavonol18",32.3955
"675","WL1","CW","GSL","Indole",6.127335
"676","WL1","CW","GSL","totalaliphatic",1110.23127666667
"677","WL1","CW","GSL","totalindole",114.803456666667
"678","WL1","CW","GSL","totalGSL",1225.03473333333
"679","WL1","CW","GSL","logindoles",1.81933320722103
"680","WL1","CW","GSL","logaliphatics",3.00101468096499
"681","WL2","C","GSL","X3MSO",0
"682","WL2","C","GSL","OHAlkenyl",73.0515
"683","WL2","C","GSL","X4MSO",22.80726375
"684","WL2","C","GSL","Allyl",1.89068875
"685","WL2","C","GSL","X5MSO",4.88196625
"686","WL2","C","GSL","Butenyl",527.66125625
"687","WL2","C","GSL","X3MT",0
"688","WL2","C","GSL","MSOO",11.5280625
"689","WL2","C","GSL","OHI3M",0
"690","WL2","C","GSL","X4MT",1.91953125
"691","WL2","C","GSL","Flavonol16",14.03824125
"692","WL2","C","GSL","I3M",41.13029
"693","WL2","C","GSL","Flavonol17",0
"694","WL2","C","GSL","Flavonol18",14.97584625
"695","WL2","C","GSL","Indole",10.690575
"696","WL2","C","GSL","totalaliphatic",643.74026875
"697","WL2","C","GSL","totalindole",51.820865
"698","WL2","C","GSL","totalGSL",695.56113375
"699","WL2","C","GSL","logindoles",1.67430880004725
"700","WL2","C","GSL","logaliphatics",2.80029832300908
"701","WL2","CW","GSL","X3MSO",7.09775625
"702","WL2","CW","GSL","OHAlkenyl",77.67457
"703","WL2","CW","GSL","X4MSO",34.529035
"704","WL2","CW","GSL","Allyl",17.289815
"705","WL2","CW","GSL","X5MSO",9.077415
"706","WL2","CW","GSL","Butenyl",319.9036825
"707","WL2","CW","GSL","X3MT",3.445
"708","WL2","CW","GSL","MSOO",8.5344075
"709","WL2","CW","GSL","OHI3M",0
"710","WL2","CW","GSL","X4MT",27.6482125
"711","WL2","CW","GSL","Flavonol16",29.55171125
"712","WL2","CW","GSL","I3M",113.5344975
"713","WL2","CW","GSL","Flavonol17",4.57524125
"714","WL2","CW","GSL","Flavonol18",55.0638675
"715","WL2","CW","GSL","Indole",13.99183375
"716","WL2","CW","GSL","totalaliphatic",505.19989375
"717","WL2","CW","GSL","totalindole",127.52633125
"718","WL2","CW","GSL","totalGSL",632.726225
"719","WL2","CW","GSL","logindoles",1.88169454156037
"720","WL2","CW","GSL","logaliphatics",2.67252165281253
"721","WL3","C","GSL","X3MSO",4.419695
"722","WL3","C","GSL","OHAlkenyl",0
"723","WL3","C","GSL","X4MSO",16.56502
"724","WL3","C","GSL","Allyl",51.16573
"725","WL3","C","GSL","X5MSO",6.4037325
"726","WL3","C","GSL","Butenyl",374.4790725
"727","WL3","C","GSL","X3MT",13.5542925
"728","WL3","C","GSL","MSOO",7.574855
"729","WL3","C","GSL","OHI3M",0
"730","WL3","C","GSL","X4MT",12.808835
"731","WL3","C","GSL","Flavonol16",11.239335
"732","WL3","C","GSL","I3M",15.92884
"733","WL3","C","GSL","Flavonol17",0
"734","WL3","C","GSL","Flavonol18",74.445615
"735","WL3","C","GSL","Indole",28.184945
"736","WL3","C","GSL","totalaliphatic",486.9712325
"737","WL3","C","GSL","totalindole",44.113785
"738","WL3","C","GSL","totalGSL",531.0850175
"739","WL3","C","GSL","logindoles",1.51546228457483
"740","WL3","C","GSL","logaliphatics",2.66402014133354
"741","WL3","CW","GSL","X3MSO",0
"742","WL3","CW","GSL","OHAlkenyl",112.034315
"743","WL3","CW","GSL","X4MSO",57.10933
"744","WL3","CW","GSL","Allyl",6.743495
"745","WL3","CW","GSL","X5MSO",19.209315
"746","WL3","CW","GSL","Butenyl",733.19849
"747","WL3","CW","GSL","X3MT",0
"748","WL3","CW","GSL","MSOO",35.75247
"749","WL3","CW","GSL","OHI3M",0
"750","WL3","CW","GSL","X4MT",17.67597
"751","WL3","CW","GSL","Flavonol16",17.578555
"752","WL3","CW","GSL","I3M",218.43502
"753","WL3","CW","GSL","Flavonol17",0
"754","WL3","CW","GSL","Flavonol18",41.341755
"755","WL3","CW","GSL","Indole",41.760985
"756","WL3","CW","GSL","totalaliphatic",981.723385
"757","WL3","CW","GSL","totalindole",260.196005
"758","WL3","CW","GSL","totalGSL",1241.91939
"759","WL3","CW","GSL","logindoles",2.33354853458023
"760","WL3","CW","GSL","logaliphatics",2.97689786645251
"761","YO10","C","GSL","X3MSO",0
"762","YO10","C","GSL","OHAlkenyl",0
"763","YO10","C","GSL","X4MSO",0
"764","YO10","C","GSL","Allyl",156.531715
"765","YO10","C","GSL","X5MSO",0
"766","YO10","C","GSL","Butenyl",633.72211
"767","YO10","C","GSL","X3MT",8.64142
"768","YO10","C","GSL","MSOO",19.94497
"769","YO10","C","GSL","OHI3M",0
"770","YO10","C","GSL","X4MT",5.97467
"771","YO10","C","GSL","Flavonol16",5.61228
"772","YO10","C","GSL","I3M",103.40667
"773","YO10","C","GSL","Flavonol17",0
"774","YO10","C","GSL","Flavonol18",41.750385
"775","YO10","C","GSL","Indole",54.70106
"776","YO10","C","GSL","totalaliphatic",824.814885
"777","YO10","C","GSL","totalindole",158.10773
"778","YO10","C","GSL","totalGSL",982.922615
"779","YO10","C","GSL","logindoles",2.197334752077
"780","YO10","C","GSL","logaliphatics",2.84774462153344
"781","YO10","CW","GSL","X3MSO",0
"782","YO10","CW","GSL","OHAlkenyl",0
"783","YO10","CW","GSL","X4MSO",14.76747
"784","YO10","CW","GSL","Allyl",18.96481
"785","YO10","CW","GSL","X5MSO",0
"786","YO10","CW","GSL","Butenyl",760.782255
"787","YO10","CW","GSL","X3MT",14.02397
"788","YO10","CW","GSL","MSOO",0
"789","YO10","CW","GSL","OHI3M",4.91581
"790","YO10","CW","GSL","X4MT",28.134585
"791","YO10","CW","GSL","Flavonol16",6.57557
"792","YO10","CW","GSL","I3M",54.064205
"793","YO10","CW","GSL","Flavonol17",0
"794","YO10","CW","GSL","Flavonol18",52.80513
"795","YO10","CW","GSL","Indole",43.983435
"796","YO10","CW","GSL","totalaliphatic",836.67309
"797","YO10","CW","GSL","totalindole",102.96345
"798","YO10","CW","GSL","totalGSL",939.63654
"799","YO10","CW","GSL","logindoles",2.001828329849
"800","YO10","CW","GSL","logaliphatics",2.91309259407486
"801","YOSE8","C","GSL","X3MSO",83.62305
"802","YOSE8","C","GSL","OHAlkenyl",0
"803","YOSE8","C","GSL","X4MSO",8.5535675
"804","YOSE8","C","GSL","Allyl",288.25559
"805","YOSE8","C","GSL","X5MSO",0
"806","YOSE8","C","GSL","Butenyl",110.390975
"807","YOSE8","C","GSL","X3MT",75.9865525
"808","YOSE8","C","GSL","MSOO",0
"809","YOSE8","C","GSL","OHI3M",0
"810","YOSE8","C","GSL","X4MT",3.8035875
"811","YOSE8","C","GSL","Flavonol16",6.6348875
"812","YOSE8","C","GSL","I3M",13.849365
"813","YOSE8","C","GSL","Flavonol17",0
"814","YOSE8","C","GSL","Flavonol18",49.5446475
"815","YOSE8","C","GSL","Indole",43.4042275
"816","YOSE8","C","GSL","totalaliphatic",570.6133225
"817","YOSE8","C","GSL","totalindole",57.2535925
"818","YOSE8","C","GSL","totalGSL",627.866915
"819","YOSE8","C","GSL","logindoles",1.68012266212616
"820","YOSE8","C","GSL","logaliphatics",2.72334073917105
"821","YOSE8","CW","GSL","X3MSO",22.499275
"822","YOSE8","CW","GSL","OHAlkenyl",0
"823","YOSE8","CW","GSL","X4MSO",12.3089325
"824","YOSE8","CW","GSL","Allyl",129.83515
"825","YOSE8","CW","GSL","X5MSO",3.93749
"826","YOSE8","CW","GSL","Butenyl",251.82941
"827","YOSE8","CW","GSL","X3MT",0
"828","YOSE8","CW","GSL","MSOO",50.1613625
"829","YOSE8","CW","GSL","OHI3M",0
"830","YOSE8","CW","GSL","X4MT",10.4403525
"831","YOSE8","CW","GSL","Flavonol16",9.5320225
"832","YOSE8","CW","GSL","I3M",55.736195
"833","YOSE8","CW","GSL","Flavonol17",8.26471
"834","YOSE8","CW","GSL","Flavonol18",22.33046
"835","YOSE8","CW","GSL","Indole",6.8015425
"836","YOSE8","CW","GSL","totalaliphatic",481.0119725
"837","YOSE8","CW","GSL","totalindole",62.5377375
"838","YOSE8","CW","GSL","totalGSL",543.54971
"839","YOSE8","CW","GSL","logindoles",1.63487191882021
"840","YOSE8","CW","GSL","logaliphatics",2.67090744871446
